{"cameraMode":{"drawMode":0,"name":"Shaded","section":"Shading Mode"},"sceneLighting":true,"audioPlay":false,"sceneViewState":{"showFog":true,"showMaterialUpdate":false,"showSkybox":true,"showFlares":true,"showImageEffects":true,"showParticleSystems":true},"in2DMode":false,"pivot":{"x":122.99584197998047,"y":8.462674140930176,"z":4.8366827964782719},"rotation":{"x":0.16738377511501313,"y":0.22553665935993195,"z":-0.0393676795065403,"w":0.9589411020278931},"size":0.8660253882408142,"orthographic":false}